﻿Designator,Quantity,Value,Footprint,Package,MPN,DNP,Mount_Type,Description,Sim.Device,Sim.Pins,MF,Description_1,Price,Check_prices,STANDARD,PARTREV,SnapEDA_Link,MP,Availability,MANUFACTURER,Height,Mouser Part Number,Mouser Price/Stock,Manufacturer_Name,DigiKey_Part_Number
"C1, C10, C2, C5",4,10uf,C_0805_2012Metric_Pad1.18x1.45mm_HandSolder,,,,smt,Unpolarized capacitor,,,,,,,,,,,,,,,,,
"C11, C12, C14, C16, C17, C18, C19, C20, C21, C6, C7, C8, C9",13,100n,C_0805_2012Metric_Pad1.18x1.45mm_HandSolder,,,,smt,Unpolarized capacitor,,,,,,,,,,,,,,,,,
C13,1,1u,C_0805_2012Metric_Pad1.18x1.45mm_HandSolder,,,,smt,Unpolarized capacitor,,,,,,,,,,,,,,,,,
C15,1,4u7,C_0805_2012Metric_Pad1.18x1.45mm_HandSolder,,,,smt,Unpolarized capacitor,,,,,,,,,,,,,,,,,
"C22, C23",2,10pF,C_0805_2012Metric_Pad1.18x1.45mm_HandSolder,,,,smt,Unpolarized capacitor,,,,,,,,,,,,,,,,,
"C24, C25, C26, C27, C28, C29, C30, C31, C33, C34",10,10nf,C_0805_2012Metric_Pad1.18x1.45mm_HandSolder,,,,smt,Unpolarized capacitor,,,,,,,,,,,,,,,,,
"C3, C4",2,22uF,C_0805_2012Metric_Pad1.18x1.45mm_HandSolder,,,,smt,Unpolarized capacitor,,,,,,,,,,,,,,,,,
C32,1,100nf,C_0805_2012Metric_Pad1.18x1.45mm_HandSolder,,,,smt,Unpolarized capacitor,,,,,,,,,,,,,,,,,
"D1, D2",2,D,D_DO-41_SOD81_P7.62mm_Horizontal,,,,tht,Diode,D,1=K 2=A,,,,,,,,,,,,,,,
"D3, D4, D5, D6",4,LED,LED_0805_2012Metric_Pad1.15x1.40mm_HandSolder,,,,smt,Light emitting diode,,,,,,,,,,,,,,,,,
J1,1,FTSH-105-XX-X-DV,SAMTEC_FTSH-105-XX-X-DV,None,,,smt,,,,Samtec,"
                        
                            Connector Header Surface Mount 10 position 0.050 (1.27mm)
                        
",None,https://www.snapeda.com/parts/FTSH-105-01-L-DV-K-TR/Samtec+Inc./view-part/?ref=eda,Manufacturer Recommendation,H,https://www.snapeda.com/parts/FTSH-105-01-L-DV-K-TR/Samtec+Inc./view-part/?ref=snap,FTSH-105-01-L-DV-K-TR,In Stock,Samtec,,,,,
J2,1,Conn_02x05_Odd_Even,IDC-Header_2x05_P2.54mm_Vertical,,,,tht,"Generic connector, double row, 02x05, odd/even pin numbering scheme (row 1 odd numbers, row 2 even numbers), script generated (kicad-library-utils/schlib/autogen/connector/)",,,,,,,,,,,,,,,,,
J3,1,Conn_02x03_Row_Letter_Last,PinSocket_2x03_P2.54mm_Vertical,,,,tht,"Generic connector, double row, 02x03, row letter last pin numbering scheme (pin number consists of a letter for the row and a number for the pin index in this row. 1a, ..., Na; 1b, ..., Nb)), script generated (kicad-library-utils/schlib/autogen/connector/)",,,,,,,,,,,,,,,,,
J4,1,Conn_01x03,PinSocket_1x03_P2.54mm_Vertical,,,,tht,"Generic connector, single row, 01x03, script generated (kicad-library-utils/schlib/autogen/connector/)",,,,,,,,,,,,,,,,,
JP1,1,SolderJumper_2_Open,SolderJumper-2_P1.3mm_Open_Pad1.0x1.5mm,,,,tht,"Solder Jumper, 2-pole, open",,,,,,,,,,,,,,,,,
L1,1,27n,L_TDK_NLV25_2.5x2.0mm,,,,smt,Inductor,,,,,,,,,,,,,,,,,
L2,1,10uH,L_TDK_NLV25_2.5x2.0mm,,,,smt,Inductor,,,,,,,,,,,,,,,,,
"R1, R15, R16, R18, R20, R22, R25, R3, R4",9,1k,R_0805_2012Metric_Pad1.20x1.40mm_HandSolder,,,,smt,Resistor,,,,,,,,,,,,,,,,,
"R10, R11, R12, R13, R14, R17, R19, R21, R23, R24, R31, R32, R33, R34, R5, R6, R7, R8, R9",19,10k,R_0805_2012Metric_Pad1.20x1.40mm_HandSolder,,,,smt,Resistor,,,,,,,,,,,,,,,,,
R2,1,500,R_0805_2012Metric_Pad1.20x1.40mm_HandSolder,,,,smt,Resistor,,,,,,,,,,,,,,,,,
R26,1,100,R_0805_2012Metric_Pad1.20x1.40mm_HandSolder,,,,smt,Resistor,,,,,,,,,,,,,,,,,
"R27, R28, R29, R30",4,33,R_0805_2012Metric_Pad1.20x1.40mm_HandSolder,,,,smt,Resistor,,,,,,,,,,,,,,,,,
R35,1,6.8k,R_0805_2012Metric_Pad1.20x1.40mm_HandSolder,,,,smt,Resistor,,,,,,,,,,,,,,,,,
"S1, S2, S3, S4",4,6425.1101,64251101,,6425.1101,,tht,"Tactile Switch, Single Pole Single Throw (SPST) 100 mA PCB",,,,"Tactile Switch, Single Pole Single Throw (SPST) 100 mA PCB",,,,,,,,,10.7,979-6425.1101,https://www.mouser.co.uk/ProductDetail/Marquardt-Switches/6425.1101?qs=4EOvy6wCNns%2FnM%2FnarY5Jw%3D%3D,MARQUARDT,
U2,1,STM32F411RETx,LQFP-64_10x10mm_P0.5mm,,,,smt,"STMicroelectronics Arm Cortex-M4 MCU, 512KB flash, 128KB RAM, 100 MHz, 1.7-3.6V, 50 GPIO, LQFP64",,,,,,,,,,,,,,,,,
U3,1,LM1117DT-5.0,TO-252-3_TabPin2,,,,smt,"800mA Low-Dropout Linear Regulator, 5.0V fixed output, TO-252",,,,,,,,,,,,,,,,,
"U5, U6",2,PEC11L-4015F-S0020,PEC11L4015FS0020,,PEC11L-4015F-S0020,,tht,Encoders 15mm Shaft Switch No Detents 20 Pulses,,,,,,,,,,,,,20,652-PEC11L4015FS0020,https://www.mouser.co.uk/ProductDetail/Bourns/PEC11L-4015F-S0020?qs=Zq5ylnUbLm6yyxC6AG0M2w%3D%3D,Bourns,
U7,1,74HC14,TSSOP-14_4.4x5mm_P0.65mm,,,,smt,Hex inverter schmitt trigger,,,,,,,,,,,,,,,,,
Y2,1,MURATA_XRCGB24M000F1SBBR0,MURATA_XRCGB24M000F1SBBR0_0,SMD-4 Murata Electronics,,,smt,,,,Murata Electronics,"
                        
                            24 MHz ±10ppm Crystal 8pF 70 Ohms 4-SMD, No Lead
                        
",,https://www.snapeda.com/parts/XRCGB24M000F1SBBR0/Murata/view-part/?ref=eda,,,https://www.snapeda.com/parts/XRCGB24M000F1SBBR0/Murata/view-part/?ref=snap,XRCGB24M000F1SBBR0,,,,,,,490-XRCGB24M000F1SBBR0TR-ND
