﻿pos_x,pos_y,rotation,side,designator,mpn,pack,footprint,value,mount_type,place
123.99,-43.5,0.0,top,C1,,,C_0805_2012Metric_Pad1.18x1.45mm_HandSolder,10uf,smt,True
133.61,-46.51,0.0,top,C10,,,C_0805_2012Metric_Pad1.18x1.45mm_HandSolder,10uf,smt,True
133.61,-49.52,0.0,top,C11,,,C_0805_2012Metric_Pad1.18x1.45mm_HandSolder,100n,smt,True
133.61,-52.53,0.0,top,C12,,,C_0805_2012Metric_Pad1.18x1.45mm_HandSolder,100n,smt,True
73.45,-87.4,0.0,top,C13,,,C_0805_2012Metric_Pad1.18x1.45mm_HandSolder,1u,smt,True
73.45,-90.41,0.0,top,C14,,,C_0805_2012Metric_Pad1.18x1.45mm_HandSolder,100n,smt,True
73.45,-93.42,0.0,top,C15,,,C_0805_2012Metric_Pad1.18x1.45mm_HandSolder,4u7,smt,True
73.45,-96.43,0.0,top,C16,,,C_0805_2012Metric_Pad1.18x1.45mm_HandSolder,100n,smt,True
73.45,-99.44,0.0,top,C17,,,C_0805_2012Metric_Pad1.18x1.45mm_HandSolder,100n,smt,True
73.45,-102.45,0.0,top,C18,,,C_0805_2012Metric_Pad1.18x1.45mm_HandSolder,100n,smt,True
78.26,-87.4,0.0,top,C19,,,C_0805_2012Metric_Pad1.18x1.45mm_HandSolder,100n,smt,True
123.99,-46.51,0.0,top,C2,,,C_0805_2012Metric_Pad1.18x1.45mm_HandSolder,10uf,smt,True
78.26,-90.41,0.0,top,C20,,,C_0805_2012Metric_Pad1.18x1.45mm_HandSolder,100n,smt,True
78.26,-93.42,0.0,top,C21,,,C_0805_2012Metric_Pad1.18x1.45mm_HandSolder,100n,smt,True
78.26,-96.43,0.0,top,C22,,,C_0805_2012Metric_Pad1.18x1.45mm_HandSolder,10pF,smt,True
78.26,-99.44,0.0,top,C23,,,C_0805_2012Metric_Pad1.18x1.45mm_HandSolder,10pF,smt,True
78.26,-102.45,0.0,top,C24,,,C_0805_2012Metric_Pad1.18x1.45mm_HandSolder,10nf,smt,True
83.07,-87.4,0.0,top,C25,,,C_0805_2012Metric_Pad1.18x1.45mm_HandSolder,10nf,smt,True
83.07,-90.41,0.0,top,C26,,,C_0805_2012Metric_Pad1.18x1.45mm_HandSolder,10nf,smt,True
83.07,-93.42,0.0,top,C27,,,C_0805_2012Metric_Pad1.18x1.45mm_HandSolder,10nf,smt,True
83.07,-96.43,0.0,top,C28,,,C_0805_2012Metric_Pad1.18x1.45mm_HandSolder,10nf,smt,True
83.07,-99.44,0.0,top,C29,,,C_0805_2012Metric_Pad1.18x1.45mm_HandSolder,10nf,smt,True
123.99,-49.52,0.0,top,C3,,,C_0805_2012Metric_Pad1.18x1.45mm_HandSolder,22uF,smt,True
83.07,-102.45,0.0,top,C30,,,C_0805_2012Metric_Pad1.18x1.45mm_HandSolder,10nf,smt,True
87.88,-87.4,0.0,top,C31,,,C_0805_2012Metric_Pad1.18x1.45mm_HandSolder,10nf,smt,True
87.88,-90.41,0.0,top,C32,,,C_0805_2012Metric_Pad1.18x1.45mm_HandSolder,100nf,smt,True
87.88,-93.42,0.0,top,C33,,,C_0805_2012Metric_Pad1.18x1.45mm_HandSolder,10nf,smt,True
87.88,-96.43,0.0,top,C34,,,C_0805_2012Metric_Pad1.18x1.45mm_HandSolder,10nf,smt,True
123.99,-52.53,0.0,top,C4,,,C_0805_2012Metric_Pad1.18x1.45mm_HandSolder,22uF,smt,True
128.8,-43.5,0.0,top,C5,,,C_0805_2012Metric_Pad1.18x1.45mm_HandSolder,10uf,smt,True
128.8,-46.51,0.0,top,C6,,,C_0805_2012Metric_Pad1.18x1.45mm_HandSolder,100n,smt,True
128.8,-49.52,0.0,top,C7,,,C_0805_2012Metric_Pad1.18x1.45mm_HandSolder,100n,smt,True
128.8,-52.53,0.0,top,C8,,,C_0805_2012Metric_Pad1.18x1.45mm_HandSolder,100n,smt,True
133.61,-43.5,0.0,top,C9,,,C_0805_2012Metric_Pad1.18x1.45mm_HandSolder,100n,smt,True
128.25,-64.35,0.0,top,D1,,,D_DO-41_SOD81_P7.62mm_Horizontal,D,tht,True
128.25,-68.6,0.0,top,D2,,,D_DO-41_SOD81_P7.62mm_Horizontal,D,tht,True
124.005,-55.555,0.0,top,D3,,,LED_0805_2012Metric_Pad1.15x1.40mm_HandSolder,LED,smt,True
124.005,-58.595,0.0,top,D4,,,LED_0805_2012Metric_Pad1.15x1.40mm_HandSolder,LED,smt,True
124.005,-61.635,0.0,top,D5,,,LED_0805_2012Metric_Pad1.15x1.40mm_HandSolder,LED,smt,True
124.005,-64.675,0.0,top,D6,,,LED_0805_2012Metric_Pad1.15x1.40mm_HandSolder,LED,smt,True
94.535,-66.5,0.0,top,J1,,None,SAMTEC_FTSH-105-XX-X-DV,FTSH-105-XX-X-DV,smt,True
114.845,-48.12,0.0,top,J2,,,IDC-Header_2x05_P2.54mm_Vertical,Conn_02x05_Odd_Even,tht,True
99.75,-102.67,0.0,top,J3,,,PinSocket_2x03_P2.54mm_Vertical,Conn_02x03_Row_Letter_Last,tht,True
92.61,-102.67,0.0,top,J4,,,PinSocket_1x03_P2.54mm_Vertical,Conn_01x03,tht,True
100.66,-67.62,0.0,top,JP1,,,SolderJumper-2_P1.3mm_Open_Pad1.0x1.5mm,SolderJumper_2_Open,tht,False
101.01,-64.07,0.0,top,L1,,,L_TDK_NLV25_2.5x2.0mm,27n,smt,True
112.13,-66.18,0.0,top,L2,,,L_TDK_NLV25_2.5x2.0mm,10uH,smt,True
138.39,-43.47,0.0,top,R1,,,R_0805_2012Metric_Pad1.20x1.40mm_HandSolder,1k,smt,True
73.42,-78.52,0.0,top,R10,,,R_0805_2012Metric_Pad1.20x1.40mm_HandSolder,10k,smt,True
73.42,-81.47,0.0,top,R11,,,R_0805_2012Metric_Pad1.20x1.40mm_HandSolder,10k,smt,True
73.42,-84.42,0.0,top,R12,,,R_0805_2012Metric_Pad1.20x1.40mm_HandSolder,10k,smt,True
78.17,-63.77,0.0,top,R13,,,R_0805_2012Metric_Pad1.20x1.40mm_HandSolder,10k,smt,True
78.17,-66.72,0.0,top,R14,,,R_0805_2012Metric_Pad1.20x1.40mm_HandSolder,10k,smt,True
78.17,-69.67,0.0,top,R15,,,R_0805_2012Metric_Pad1.20x1.40mm_HandSolder,1k,smt,True
78.17,-72.62,0.0,top,R16,,,R_0805_2012Metric_Pad1.20x1.40mm_HandSolder,1k,smt,True
78.17,-75.57,0.0,top,R17,,,R_0805_2012Metric_Pad1.20x1.40mm_HandSolder,10k,smt,True
78.17,-78.52,0.0,top,R18,,,R_0805_2012Metric_Pad1.20x1.40mm_HandSolder,1k,smt,True
78.17,-81.47,0.0,top,R19,,,R_0805_2012Metric_Pad1.20x1.40mm_HandSolder,10k,smt,True
138.39,-46.42,0.0,top,R2,,,R_0805_2012Metric_Pad1.20x1.40mm_HandSolder,500,smt,True
78.17,-84.42,0.0,top,R20,,,R_0805_2012Metric_Pad1.20x1.40mm_HandSolder,1k,smt,True
82.92,-63.77,0.0,top,R21,,,R_0805_2012Metric_Pad1.20x1.40mm_HandSolder,10k,smt,True
82.92,-66.72,0.0,top,R22,,,R_0805_2012Metric_Pad1.20x1.40mm_HandSolder,1k,smt,True
82.92,-69.67,0.0,top,R23,,,R_0805_2012Metric_Pad1.20x1.40mm_HandSolder,10k,smt,True
82.92,-72.62,0.0,top,R24,,,R_0805_2012Metric_Pad1.20x1.40mm_HandSolder,10k,smt,True
82.92,-75.57,0.0,top,R25,,,R_0805_2012Metric_Pad1.20x1.40mm_HandSolder,1k,smt,True
82.92,-78.52,0.0,top,R26,,,R_0805_2012Metric_Pad1.20x1.40mm_HandSolder,100,smt,True
82.92,-81.47,0.0,top,R27,,,R_0805_2012Metric_Pad1.20x1.40mm_HandSolder,33,smt,True
82.92,-84.42,0.0,top,R28,,,R_0805_2012Metric_Pad1.20x1.40mm_HandSolder,33,smt,True
87.67,-63.77,0.0,top,R29,,,R_0805_2012Metric_Pad1.20x1.40mm_HandSolder,33,smt,True
138.39,-49.37,0.0,top,R3,,,R_0805_2012Metric_Pad1.20x1.40mm_HandSolder,1k,smt,True
87.67,-66.72,0.0,top,R30,,,R_0805_2012Metric_Pad1.20x1.40mm_HandSolder,33,smt,True
87.67,-69.67,0.0,top,R31,,,R_0805_2012Metric_Pad1.20x1.40mm_HandSolder,10k,smt,True
87.67,-72.62,0.0,top,R32,,,R_0805_2012Metric_Pad1.20x1.40mm_HandSolder,10k,smt,True
87.67,-75.57,0.0,top,R33,,,R_0805_2012Metric_Pad1.20x1.40mm_HandSolder,10k,smt,True
87.67,-78.52,0.0,top,R34,,,R_0805_2012Metric_Pad1.20x1.40mm_HandSolder,10k,smt,True
87.67,-81.47,0.0,top,R35,,,R_0805_2012Metric_Pad1.20x1.40mm_HandSolder,6.8k,smt,True
138.39,-52.32,0.0,top,R4,,,R_0805_2012Metric_Pad1.20x1.40mm_HandSolder,1k,smt,True
73.42,-63.77,0.0,top,R5,,,R_0805_2012Metric_Pad1.20x1.40mm_HandSolder,10k,smt,True
73.42,-66.72,0.0,top,R6,,,R_0805_2012Metric_Pad1.20x1.40mm_HandSolder,10k,smt,True
73.42,-69.67,0.0,top,R7,,,R_0805_2012Metric_Pad1.20x1.40mm_HandSolder,10k,smt,True
73.42,-72.62,0.0,top,R8,,,R_0805_2012Metric_Pad1.20x1.40mm_HandSolder,10k,smt,True
73.42,-75.57,0.0,top,R9,,,R_0805_2012Metric_Pad1.20x1.40mm_HandSolder,10k,smt,True
62.295,-50.745,0.0,top,S1,6425.1101,,64251101,6425.1101,tht,True
62.295,-68.245,0.0,top,S2,6425.1101,,64251101,6425.1101,tht,True
62.295,-85.745,0.0,top,S3,6425.1101,,64251101,6425.1101,tht,True
62.295,-103.245,0.0,top,S4,6425.1101,,64251101,6425.1101,tht,True
97.51,-93.12,0.0,top,U2,,,LQFP-64_10x10mm_P0.5mm,STM32F411RETx,smt,True
133.29,-58.205,0.0,top,U3,,,TO-252-3_TabPin2,LM1117DT-5.0,smt,True
77.685,-45.345,0.0,top,U5,PEC11L-4015F-S0020,,PEC11L4015FS0020,PEC11L-4015F-S0020,tht,True
95.965,-45.345,0.0,top,U6,PEC11L-4015F-S0020,,PEC11L4015FS0020,PEC11L-4015F-S0020,tht,True
75.42,-107.255,0.0,top,U7,,,TSSOP-14_4.4x5mm_P0.65mm,74HC14,smt,True
105.185,-67.645,0.0,top,Y2,,SMD-4 Murata Electronics,MURATA_XRCGB24M000F1SBBR0_0,MURATA_XRCGB24M000F1SBBR0,smt,True
